,VideoID,Title,PublishedAt,ChannelID,Description,ChannelTitle,CategoryId,ViewCount,LikeCount,DislikeCount,FavoriteCount,CommentCount,RegionCode,Date
0,DRS_PpOrUZ4,Drake - In My Feelings,2018-08-03T01:00:00.000Z,UCQznUf1SjfDqx65hX3zRDiA,"In My Feelings (Official Video)
‚ÄòScorpion‚Äô Available Here: https://drake.lnk.to/ScorpionYD

A FILM BY
KARENA EVANS

A POPP ROK PRODUCTION

EXECUTIVE PRODUCERS
DIRECTOR X
TAJ CRITCHLOW
FULIANE PETIKYAN

HEAD OF PRODUCTION
ADAM PALMER

PRODUCER
AUTUMN HYMES

COORDINATOR - POPP ROK
DEAN ROSEN

STARRING
DRAKE
PHYLICIA RASHAD
LA LA ANTHONY
SHIGGY
CAPITO & MARLEY

DIRECTOR OF PHOTOGRAPHY
SANTIAGO GONZALEZ

EDITOR
KAT WEBBER

CHOREOGRAPHER & MOVEMENT COACH
TANISHA SCOTT

COLOURIST - ALTER EGO
CLINTON HOMUTH

SOUND DESIGN & MIXING - APOLLO STUDIOS
ETHAN MYERS

2ND UNIT DOP
JORDAN ORAM

1ST AD
EVRARD SALOMON
JAMAR HAWKINS

2ND AD
CLYDE GOINS
BEN COLLINGSWORTH

LOCATIONS MANAGER
JULIANA ZANON
BARBARA BREVES

PRODUCTION SUPERVISOR
KENIA GUTIERREZ

PRODUCTION COORDINATOR
COLLIER MEYER

CASTING - BOK CREATIVE
TAREK & CHAD

LOGISTICS MANAGER
CHRISTOPHER ‚ÄúBROKER‚Äù FAGON

A CAM - 1ST AC
RILEY KEATON
GABBY VELASCO
PAOLO ARRIOLA

A CAM - 2ND AC
ADRIENNE DURAZO
TAYLOR PERRY

B CAM OPERATOR
CHRISTIAN SCHULTZ
MICHEL APPLEBAUM

B CAM - 1ST AC
LISA LENGYEL
ADAM LIPSCOMB

B CAM - 2ND AC
HAI LE
SUPER 8MM
KARENA EVANS
KAT WEBBER

VTR
CHRIS GAMBLE

DIT
STUART HAMMOND
PAUL RAHFIELD

SOUND
BJ LEHN

BOOM OPERATOR
BRIAN MARATEA

GAFFER
JIM COVERT

BEST BOY ELECTRIC
TRAVIS BARNHART

ELECTRIC
MASON MCGUIRE
TIM JONES
RICHARD LANDRY
REMOTE HEAD
DOUG PRUSS
CRANE TECHNICIAN
RICHARD HOOVER
DANIEL WAGHORNE

GRIP
COY URSIN
MARCUS VARNADORE

PRODUCTION DESIGNER
JOHN RICHOUX

ART DIRECTOR
JONATHAN CAPPEL

SET DECORATOR
LEAH BYCHURCH

LEADMAN
TONY ZIEGLER

KEY GRIP
CALVIN URSIN JR,

BEST BOY GRIP
MIKE BONNETT

DRAKE‚ÄôS STYLIST
MELLANY SANCHEZ

DRAKE‚ÄôS GROOMING
LUISA DURAN

ASSISTANT CHOREOGRAPHER
JAZZ JOHNSON-ZUCCONI

ASSISTANT PRODUCTION SUPERVISOR
IAN MENZIES
RACHEL SIGUR

ASSISTANT EDITOR
ANNA CATLEY

ASSISTANT COLOURIST
KEVIN WU

WARDROBE STYLIST
KASEY BAZIL
BRYON HAVAR

WARDROBE ASSISTANT
TIERRA PATTERSON
BRANDON WASHINGTON
LAKEISHA SHIELDS
HARLAN ANTHONY

HMU
DAVID VALESQUEZ
ROKAEL‚ÄôS LIZAMA
RAY DODSON
ROBERT SARGSYAN
RENE RAMOS

HMU ASSISTANT
NOELIA RODRIGUEZ

GENIE
JOSE RIVERA

DANCERS
SORAYA LUNDY
CHRISTINA DE LA CRUZ
KENDRA JAE BRACY
TANESHA ‚ÄúKSYN‚Äù CASON
LATOYA WEBLEY
CHRISTINA KIM DAVIS
CIERRA NICHOLS
MARIAH HILLIARD
ROBERT WILSON
JEREMIAH HAYNES
RON MYLES
MARCUS TAYLOR
SATCHEL JOHNSON
LAUREN BLESS JONES
KOBE JONES
ASHLEY STEVENSON
DAVID RAYFORD
IMAN MARSHALL
STEPHEN DUY PHAM
DAMIAN GORDON
GIANNI REID
GABRIELLE SLACK
POLANCO JONES JR
RONNIE DENTS II
TROY PAYNE
SHANGOBUNMI DUROTIMI
NAILAH SMITH

Music video by Drake performing In My Feelings. ¬© 2018 Young Money Entertainment/Cash Money Records

Music video by Drake performing In My Feelings. ¬© 2018 Young Money Entertainment/Cash Money Records

http://vevo.ly/pu5gFd",DrakeVEVO,10,44103187,2087574,72427,0,194385,BE,8/6/2018
1,CRPNcrBAiOc,L'Alg√©rino - Adios ft. Soolking [Clip officiel],2018-07-31T17:00:01.000Z,UCp8Lmjx1i93YVokA4fNAs1g,"Nouvel album ""International"" disponible partout : https://lalgerino.lnk.to/International

En concert le 31 octobre √† l‚ÄôOlympia de Paris et le 03 novembre au D√¥me de Marseille
Infos et r√©sas https://bit.ly/2rRzywB 

R√©seaux sociaux:
Facebook
https://www.facebook.com/lalgerinopag...
Twitter
https://twitter.com/ALGERINO_OFF
Instagram : 
https://www.instagram.com/algerino_off/
Snapchat : 
Algerinolevrai",L'Algerino,10,10686364,268086,9144,0,26069,BE,8/6/2018
2,6JmrZDZGVH0,Rim'K - Air Max ft. Ninho,2018-07-25T14:00:01.000Z,UCmfHNhKwopCTBX53Ud3kwLw,"Rim‚ÄôK, nouveau single ‚Äò‚ÄôAir Max‚Äô‚Äô feat. Ninho, disponible ici : http://rimk.lnk.to/AirMax 

Album ¬´ MUTANT ¬ª sortie le 21 septembre 2018

Album Fant√¥me toujours disponible : http://rimk.lnk.to/FantomeAlbum 

Shop : https://rimshop.fr/ 

Retrouvez Rim‚ÄôK sur: 
Facebook: https://www.facebook.com/rimkofficiel 
Twitter: https://twitter.com/rimkofficiel 
Instagram: https://instagram.com/rimkofficiel",RimKVEVO,10,11072323,141024,6413,0,4581,BE,8/6/2018
3,qJZy8zy0Uy0,Moha La Squale - Luna,2018-07-29T16:00:08.000Z,UCVkQ-P3Oh2cH7SYX104U8OQ,"1er album ""Bendero"" disponible ici : https://mohalasquale.lnk.to/benderoAY
-
√âcoute tous les titres de Moha La Squale ici : https://mohalasquale.lnk.to/playlistAY
-
Abonne-toi √† la chaine: https://WMF.lnk.to/MohaAY
-
Facebook: https://www.facebook.com/mohalasquale 
Instagram: https://www.instagram.com/mohalasquale 
Snapchat üëª : mohalasquale",Moha La Squale,10,5193949,137931,5250,0,5191,BE,8/6/2018
4,4sLMo9YJpDQ,"POUR COMBIEN TU... ? (ft. Vodk, Mastu, Neoxi)",2018-08-02T17:00:00.000Z,UCgvqvBoSHB1ctlyyhoHrGwQ,"Pour combien tu... ? T√âL√âCHARGEZ LE JEU ! :
SUR ANDROID : https://bit.ly/pour-combien-android
SUR iOS : https://bit.ly/pour-combien-ios

DEVIENS UNE VRAIE BAGUETTE TRADITION 2.0, ABONNE TOI ! : 
‚Üí FACEBOOK : http://bit.ly/FacebookAmixem
‚Üí TWITTER :  http://bit.ly/AmixemTwitter
‚Üí SNAPCHAT : amixemsnap
‚Üí TWITCH : http://bit.ly/TwitchAmixem
‚Üí GOOGLE+ : https://plus.google.com/+FPSCoopGameplays",Amixem,23,1801320,122983,2314,0,4609,BE,8/6/2018
5,V_MXGdSBbAI,"6ix9ine, Nicki Minaj, Murda Beatz - ‚ÄúFEFE‚Äù (Official Music Video)",2018-07-22T19:23:55.000Z,UCF6jRAgCbSanHolKt0Vt6Qw,"6ix9ine, Nicki Minaj and Murda Beatz - FEFE (Official Music Video)
Stream: https://6ix9ine.lnk.to/FEFE

Directed by TrifeDrew & William Asher of Figure Eight Creative Group 
Also Directed by 6ix9ine
Instagram: @Trifedrew & @William_Asher

STREAM FEFE: https://6ix9ine.lnk.to/fefe

Nicki Minaj appears courtesy of Young Money / Cash Money Records. Murda Beatz appears courtesy of Interscope Records.

Engineered by Big Juice & Wizard Lee Mastered by Wizard Lee",Tekashi 6ix9ine,10,129994548,2679443,357792,0,304768,BE,8/6/2018
6,vkDI5ElVwsA,Naza - P*tain de m*rde (Clip Officiel),2018-07-27T16:00:10.000Z,UC-omFoT0Qf48y7IpEZo-OYQ,"Naza - P*tain de m*rde (Clip Officiel)

Real : Monsieur Dia pour Eyescrow films / RDLP Productions
Prod :  Binguy
Arr : Dallas

Nouvel album de Naza ""C'est la loi"" disponible sur toutes les plateformes : https://believe.lnk.to/CestLaLoi

Achetez vos places pour le concert de Naza √† l'Olympia le 30 Octobre 2018 : http://urlz.fr/7f2k
____ 

Tous les clips de Naza ‚Üí http://bit.ly/2B9HLz2 
Tous les freestyles de Naza ‚Üí http://bit.ly/2A9AoZq

Contact Management ‚ñ∂Ô∏é kevinbomayemusik@gmail.com / 06 03 94 18 89

Label Copy
1. P*tain De M*rde  3:17
ISRC Audio : FR U78 18 05020
Auteur: Naza
Compositeur: Binguy¬†
Arrangeur : Dallas
R√©alisateurs: Naza, Binguy
Ch≈ìurs: Naza
Enregistr√© par Yoann¬†¬´¬†Yoyo l‚Äôing√©¬†¬ª Padel au studio Building (Paris)
Mix√© par Yoann¬†¬´¬†Yoyo l‚Äôing√©¬†¬ª Padel  au studio Building (Paris)
Masteris√© par Eric Chevet au Studio Masterdisk Europe (Paris) 
Editeurs¬†: Bomaye Publishing, Nemesis Ed, DR 
(P) 2018 Mukongo Business",NAZA,10,5480237,101046,5517,0,4047,BE,8/6/2018
7,d-VE9Kba3GY,"Bigflo & Oli, Petit Biscuit - Demain",2018-07-27T09:00:06.000Z,UCKuN5Ub9Nd2_Vcv8vDQAD4Q,"D√©couvrez ""Demain"" notre nouveau son avec Petit Biscuit üëâ https://bigfloetoli.lnk.to/DemainxPetitBiscuit

Faites p√©ter le son √† fond dans la voiture, au bord de la piscine, sur la plage, faites le √©couter aux √©trangers dans les campings !
On a rencontr√© Petit Biscuit sur les festivals et on s'est invit√© √† nos concerts respectifs ! C'est devenu notre fr√®ro donc on s'est dit qu'on allait faire un son ensemble
Trop heureux de notre collab ! Allez tous √©couter ses sons et le soutenir : http://petitbiscu.it/YouTubeSubscribe 



Merci √† tous ceux qu'on a crois√© en festival et qui ont particip√© au clip
D√©sol√© pour ceux qui n'y sont finalement pas, on a pas pu mettre tout le monde :/ Merci aux potes de notre √©quipe d'avoir jou√© le jeu aussi

Le clip est r√©alis√© pars Jeremie Levypon, Boby et nous.
2D Animation by @dalkhafine
Images additionnelles : Baptiste Cornu & Jonathan Bertin

Si tu lis les descriptions jusqu'au bout commente un emoji en rapport avec les vacances et l'√©t√©

Music video by Bigflo & Oli, Petit Biscuit performing Demain. ¬© 2018 Polydor (France)

http://vevo.ly/bUGeeI",BigfloetoliVEVO,10,3089294,95147,3306,0,6681,BE,8/6/2018
8,OsAU02RiFac,Top 10 Convicts Who Freaked Out After Given A Life Sentence,2018-07-20T20:00:04.000Z,UCBINYCmwE29fBXCpUI8DgTA,"Top 10 Convicts Who Freaked Out After Given A Life Sentence
Subscribe To MostAmazingTop10: http://bit.ly/2Ibyk6i

**Watch Part 2 Here** - 
https://www.youtube.com/watch?v=Paf-iSf2Mr4

Become A Most Amazing Top 10 Member: https://bit.ly/2OgwCmN

There are a lot of criminals who commit horrible and evil crimes. So, when it is time to face their verdicts, a lot of these criminals have different intense reactions to their sentencing. So here are the top 10 convicts who freak out after given a life sentence. 

For Business Inquiries Contact: mostamazingtop10@gmail.com

Check Out Our Recent Videos- 
https://www.youtube.com/watch?v=LWjWEg6PXeI&list=PL532nVurngGurLZQ8vUjfybxIrwZRNGnC

Most Popular Videos- 
https://www.youtube.com/watch?v=ViI45BjBug8&list=PL532nVurngGsDmfoDM3dj-O3hWlkLNCud

FOLLOW US ON SOCIAL MEDIA

Facebook Fan Page- 
https://www.facebook.com/MostAmazingTop10Videos/

Instagram-
http://instagram.com/landonproductions

CHANNEL PRODUCER: 
Landon Dowlatsingh- https://www.instagram.com/landonproductions/

VIDEO EDITED BY:
Lucy McPhee @LucyMcPhee

PRODUCED BY: 
Liam Collens

POST PRODUCTION:
Theresa Morozovitch",MostAmazingTop10,27,11681123,82653,33446,0,26153,BE,8/6/2018
9,kxloC1MKTpg,"DJ Khaled - No Brainer (Official Video) ft. Justin Bieber, Chance the Rapper, Quavo",2018-07-27T17:00:03.000Z,UCrFB54bqp8sda4udJyNswlA,"""No Brainer"" available at http://smarturl.it/NoBrainerDJK

DJ Khaled online: 
https://twitter.com/djkhaled
https://www.instagram.com/djkhaled/
https://www.facebook.com/officialdjkhaled/

(C) 2018 Epic Records, a division of Sony Music Entertainment",DJKhaledVEVO,10,50370684,1464239,91549,0,123348,BE,8/6/2018
10,ygHkJmTnmvo,Saad Lamjarred - CASABLANCA (EXCLUSIVE Music Video) |  (ŸÅŸäÿØŸäŸà ŸÉŸÑŸäÿ® ÿ≠ÿµÿ±Ÿä) CASABLANCA - ÿ≥ÿπÿØ ŸÑŸÖÿ¨ÿ±ÿØ,2018-07-31T19:01:28.000Z,UC9hJ5XcjHXYjwDOqrlQUuow,"Subscribe to Saad Lamjarred Official Channel: http://bit.ly/LamjarredYT

Saad Lamjarred - CASABLANCA (EXCLUSIVE Music Video) | 2018
2018 | (ŸÅŸäÿØŸäŸà ŸÉŸÑŸäÿ® ÿ≠ÿµÿ±Ÿä) CASABLANCA - ÿ≥ÿπÿØ ŸÑŸÖÿ¨ÿ±ÿØ


Written by : Leslie Bourgouin
Music Produced by : Dj Kore
Directed by : Alexandre Da Silva
Art Director : Hamidi Ayoub

Digital Distribution: Qanawat

Lyrics CASABLANCA :

Elle est quelque part 
Je la trouverai 
Il n‚Äôest jamais trop tard 
Comme un diamant noir 
Pour le monde entier 
Elle sera √† part 
M‚Äôen aller √† Punta cana
M‚Äôen aller √† Casablanca 
M‚Äôen aller √† Barcelona 
M‚Äôen aller √† ... 

Ma ch√©rie si tu savais 
Ma vie c‚Äôest la Boh√™me
Pars avec moi si tu m‚Äôaimes 
Je dois m‚Äôen aller 
Te dire au revoir 
Mais sans te faire de la peine 

Ah ah ah 
On verra bien o√π la vie nous m√®ne 
Si oui ou non tu seras ma reine 

Pourquoi tu es si belle 
Pourquoi tu m‚Äôensorcelles 
Avant de me br√ªler les ailes 
Mais dis moi comment tu t‚Äôappelles 
Mais pourquoi tu es si belle 
Pourquoi tu m‚Äôensorcelles 
Avant de me br√ªler les ailes
au moins dis moi comment tu t‚Äôappelles 

Je ne sais pas qui tu es 
mais les √©toiles 
M‚Äôont men√© √† toi 
et je dois mettre les voiles 
Je suis d√©sol√©
ne m‚Äôen veux pas 
Je ne suis qu‚Äôun homme
qui jamais ne se d√©voile 

On verra bien o√π la vie nous m√®ne 
Si oui ou non tu seras ma reine 
    
Oh ma Bella
Ne m‚Äôattends pas 
Oh ma Bella 
Tu as le choix 
Oh ma Bella 
Ne m‚Äôattends pas 
Oh ma Bella 
ne m‚Äôen veux pas 
ŸÄŸÄŸÄŸÄŸÄŸÄŸÄŸÄŸÄŸÄŸÄŸÄŸÄ 
Like on Facebook:
https://www.facebook.com/SaadLamjarred.Official/
Follow on Twitter: https://twitter.com/SaadLamjarred1
Follow on Instagram: http://instagram.com/SaadLamjarred1 
Follow on Google+: https://plus.google.com/+SaadLamjarred
Official YouTube: https://youtube.com/SaadLamjarredTV
Official iTunes: http://apple.co/1WNX8nm",Saad Lamjarred | ÿ≥ÿπÿØ ŸÑŸÖÿ¨ÿ±ÿØ,10,20518560,594199,47226,0,87640,BE,8/6/2018
11,QHyy5vV1uP0,"93 Empire - Woah (Sofiane, Vald, Soolking, Sadek, Mac Tyer, Heuss L‚Äôenfoir√©, Kalash Criminel)",2018-08-03T14:00:01.000Z,UCxPvv5fdCJ8rj8FHorCIJdw,"Disponible partout: https://93empire.lnk.to/Woah

93 Empire - Woah (Sofiane, Vald, Soolking, Sadek, Mac Tyer, Heuss L‚Äôenfoir√©, Kalash Criminel)
 
Affranchis Music pr√©sente #WOAH
1er Extrait de l‚Äôalbum #93EMPIRE
Sortie : Automne 2018
 
Produit par : DIIAS pour #AffranchisMusic
 
√âcrit par : Fianso
R√©alis√© par : Le√Øla Sy pour Suther Kane Films
Montage : Shems Cameron",Affranchis Music,22,1626727,63297,1763,0,5058,BE,8/6/2018
12,Lpjcm1F8tY8,Martin Garrix feat. Bonn - High On Life (Official Video),2018-07-30T14:51:57.000Z,UC5H_KXkPbEsGs0tFt8R35mA,"Martin Garrix feat. Bonn - High On Life (Official Video)
‚ô´ High On Life feat. Bonn is out now: http://stmpd.co/MGHOLID
Get Ocean feat. Khalid here: http://stmpd.co/MKOCID

Premiered my new track High On Life featuring Bonn on Tomorrowland 2018 and the official video is also my aftermovie for this amazing festival. Hope you enjoy it!

Click on subtitles to turn lyrics on/off.

Follow Martin Garrix: 
Facebook: http://facebook.com/MartinGarrix
Twitter: http://twitter.com/MartinGarrix
Instagram: http://instagram.com/MartinGarrix
YouTube: http://youtube.com/MartinGarrix

Follow STMPD RCRDS
YouTube: http://www.youtube.com/c/stmpdrcrds
Facebook: https://www.facebook.com/STMPDRCRDS/
Instagram: https://www.instagram.com/stmpdrcrds/
Twitter: https://twitter.com/stmpdrcrds
Spotify: http://stmpd.co/ST50SPID

Directed and edited by: Damian Karsznia

Cinematography by: 
- Sjors Ruijters 
- Fabian de Prie√´lle
- Mathias Normann
- Mees Roozen
- Joris Hoevenberg
- Damian Karsznia

#HighOnLife #Garrix #Bonn
#MartinGarrix #Tomorrowland #Aftermovie #Tomorrowland2018",Martin Garrix,10,6010705,277185,2722,0,11777,BE,8/6/2018
13,Qz8BmU8NPJk,Bagarre entre Booba et Kaaris: ce qu'il s'est pass√© √† l'a√©roport d'Orly,2018-08-01T16:05:21.000Z,UCXwDLMDV86ldKoFVc_g8P0g,Une violente bagarre entre les rappeurs Booba et Kaaris dans le hall 1 de l'a√©roport d'Orly a entra√Æn√© de nombreux retards de vols.,BFMTV,25,805594,5956,964,0,2693,BE,8/6/2018
14,_G-k6TQYUek,"Kygo, Imagine Dragons - Born To Be Yours",2018-07-27T07:00:06.000Z,UCYpVqLSvfseUqb2URAkexlw,"Listen to ""Born To Be Yours,‚Äô out now: http://lnk.to/Kygo_BornToBeYours
Directed by: Matt Eastin & Aaron Hymes

Kygo
http://www.soundcloud.com/kygo 
https://www.facebook.com/kygoofficial/
http://www.instagram.com/kygomusic 
http://www.twitter.com/kygomusic 
https://www.youtube.com/user/KygoOfficialVEVO
http://kygomusic.com

Imagine Dragons
Shop Imagine Dragons: http://smarturl.it/ImagineDragonsShop
Catch Imagine Dragons on tour: http://imaginedragonsmusic.com/tour
Follow Imagine Dragons on Facebook: https://www.facebook.com/ImagineDragons/
Twitter: https://twitter.com/Imaginedragons
Instagram: https://www.instagram.com/imaginedragons

Enjoy more videos by Kygo:
Kids in Love Tour Europe:¬†www.youtube.com/channel/UCCFJeI-2sT_cWgz-QJRgbCw
Here for You feat. Ella Henderson:¬†https://www.youtube.com/watch?v=b8PPap4dJog
Firestone feat. Conrad Sewell:¬†https://www.youtube.com/watch?v=9Sc-ir2UwGU",KygoOfficialVEVO,10,12740196,177776,4730,0,4325,BE,8/6/2018
15,YArSozrKQF8,MIJN NIEUWE KAMER INRICHTEN & GIVEAWAY,2018-08-04T06:30:00.000Z,UCJEtDBmf-aIBkDGiWlVi_HA,"In deze video laat ik jullie mijn nieuwe kamer in Nederland zien en ga ik met behulp van supertoffe stickers op snapchat mijn kamer inrichten. Ben jij benieuwd naar het resultaat? Blijf dan zeker kijken tot het eind want er is ook nog een hele leuke giveaway!!
Veel kijkplezier, X Nina

Betaalde samenwerking met IKEA Nederland.




BESTEL NU MIJN SCHOOLAGENDA 2018 - 2019 EN MAAK KANS OP EEN GESIGNEERD EXEMPLAAR. http://www.fcklap.nl/nina-houston-schoolagenda/ JE KRIJGT ‚ÄòM SUPERSNEL IN HUIS! 
HI! LEUK DAT JE KIJKT NAAR DEZE VIDEO, WIL JE OP DE HOOGTE BLIJVEN VAN MIJN NIEUWSTE UPLOADS? ABONNEER DAN MET NOTIFICATIE BELLETJE GRATIS OP MIJN KANAAL! https://www.youtube.com/channel/UCJEtDBmf-aIBkDGiWlVi_HA?sub_confirmation=1
X NINA


Volg me ook via:
Instagram: https://instagram.com/ninahouston_/
Musical.ly: ninahouston_
Snapchat: ninahouston_x

Al mijn video's:
Living in the USA: https://www.youtube.com/playlist?list=PLr-dEluRIEAcVk4ozYRQQlvxkS2VmaSFi
Sketches: https://www.youtube.com/playlist?list=PLr-dEluRIEAcRLsfyAoJuaCT6gDsNH_Xq
Smaakproeven: https://www.youtube.com/playlist?list=PLr-dEluRIEAck-VfpQg5gzF6RUVYOY-kC
Din(g)sdag Testvideo's: https://www.youtube.com/playlist?list=PLr-dEluRIEAf6uruAqEvA6m16jQns60Gf
Challenges: https://www.youtube.com/watch?v=wYqCuo2bET8&list=PLr-dEluRIEAfhbvGqIvKvPU09yzKn5h3I
Lush: https://www.youtube.com/playlist?list=PLr-dEluRIEAfIU-kZhWJge-VoF_RCZ-9Q
Vlogs: https://www.youtube.com/playlist?list=PLr-dEluRIEAdU15VU_wIle_vINf-FihFr
Nina Houston: https://www.youtube.com/watch?v=S0FmnIYOBcA&list=PLr-dEluRIEAe9B2LHtwZAViw2eVk5-JV1
New York 2015: https://www.youtube.com/watch?v=WLHmxFTASZQ&list=PLr-dEluRIEAcpQ_pwzfj0o-pERbewDi16
Rainbow Loom Nederlands: https://www.youtube.com/watch?v=yuX6R76A4pQ&list=PLr-dEluRIEAfoAQqoaYEujU3H35ps0iuN
Rainbow Loom Engels: https://www.youtube.com/watch?v=uW_I1c1XU2U&list=PLr-dEluRIEAftoKc0jRZWO-wz8AnAiame

Credits Banner: FC KLAP

Hoi, welkom op mijn kanaal, mijn naam is Nina en ik vind het ontzettend leuk om video's te maken. Iedere dinsdag en vrijdag komt er een nieuwe video online. Op dit kanaal kun je o.a. challenges, vlogs en sketches verwachten, maar ook fashion en testvideo's. Dus, lijkt het het je leuk om mij te volgen en wil je mijn allernieuwste video's niet missen, abonneer dan snel op mijn kanaal, het is gratis!  Liefs Nina

Credits for Music: No copyright sounds",Nina Houston,24,155006,7774,243,0,438,BE,8/6/2018
16,-qnyd7Ht9uc,Zedd & Elley Duh√© - Happy Now (Lyrics),2018-07-18T17:02:22.000Z,UCPNokRZ9hacjIQ3IQL6HNUQ,"Zedd & Elley Duh√© - Happy Now (Lyric Video)
Watch the official lyric video for ‚ÄúHappy Now‚Äù.
Subscribe to Zedd‚Äôs channel and turn on notifications to stay up to date on all the latest videos: http://zedd.me/YTSubscribe

‚ÄúHappy Now‚Äù is the most organic sounding song I‚Äôve made in a long time. The majority of what you hear was recorded using real instrumentation, a lot of pianos and a lot of guitars. Lyrically, it‚Äôs a song that is both happy and sad at the same time, while musically, it‚Äôs a song that rather leans towards a happier, sunnier side. I hope you enjoy ‚ÄúHappy Now.‚Äù :) - Zedd

‚ÄúTo me, ‚ÄòHappy Now‚Äô is more than just a song. It‚Äôs a significant moment in my life, the golden opportunity to work with one of the greatest DJ‚Äôs/producer of our time. Being able to come together with complete strangers to do something beautiful, sing something meaningful, to share something special is what ‚ÄòHappy Now‚Äô is all about. Thank you to everyone involved in making this song and for letting me be part of your world.‚Äù - Elley Duh√©

Listen to ‚ÄúHappy Now‚Äù:
Stream:
Apple Music: http://zedd.me/HappyNowAM
Spotify: http://zedd.me/HappyNowSP
Amazon: http://zedd.me/HappyNowAMZ
Deezer: http://zedd.me/HappyNowDZ
Google Play: http://zedd.me/HappyNowGP
Soundcloud: http://zedd.me/HappyNowSC
Download:
iTunes: http://smarturl.it/ZeddHappyNow/itunes

Shop the Zedd Store: http://zedd.me/Store

Follow Zedd:
Website: https://www.zedd.net
Facebook: http://zedd.me/Facebook 
Instagram: http://zedd.me/Instagram 
Spotify: http://zedd.me/SPEssentials 
Twitter: http://zedd.me/Twitter 
Snapchat: http://zedd.me/Snapchat
Weibo: http://zedd.me/Weibo
VK.com: http://zedd.me/VKcom
Subscribe to his YouTube channel: http://zedd.me/YouTube

See Zedd live: http://zedd.me/Live 

Follow Elley Duh√©:
Website: http://www.elleyduhe.com
Facebook: https://www.facebook.com/elleyduhemusic/
Twitter: https://twitter.com/elleyduhe 
Instagram: https://www.instagram.com/elleyduhe 

You're a world away
Somewhere in the crowd
In a foreign place
Are you happy now
 
There's nothing left to say
So I shut my mouth
So won't you tell me babe
Are you happy now
 
You're the only one, who can up and run, leave me just as empty as the day you came
You hold all the cards, all the broken hearts, strung over your shoulder till it's all in vain
 
And only you know the strength of your teeth
Wash in the weight of your pockets so deep
And lonely
 
You're a world away
Somewhere in the crowd
In a foreign place
Are you happy now
 
There's nothing left to say
So I shut my mouth
So won't you tell me babe
Are you happy now
Are you happy now
 
In the palm of your hands, you can make me dance, spin me round in circles till I'm wrapped in string
You keep on talking sweet, till your fingers bleed, but don't you dare ask me how I've been
 
Now only you know the strength of your teeth
Wash in the weight of your pockets so deep
And lonely
 
You're a world away
Somewhere in the crowd
In a foreign place
Are you happy now
 
There's nothing left to say
So I shut my mouth
So won't you tell me babe
Are you happy now
Are you happy now

#HappyNow #Zedd #Lyrics",Zedd,10,11077158,177803,2986,0,4351,BE,8/6/2018
17,DH6XPzENl2U,Tu devines le prix ou tu le portes #2,2018-08-01T10:30:00.000Z,UCC_r3spMB5i5QKgtdNVO0OQ,"Merci √† Emy d'avoir encore accept√© de mettre en jeu son honneur, sa fiert√© et son amour-propre : 
https://www.youtube.com/channel/UCuZ6w38DjAZwQj0PlNZT5sQ
Mon instagram : https://instagram.com/pierrecroce/
Mon twitter : https://twitter.com/PierreCroce
Mon facebook : https://www.facebook.com/pcroce
Snapchat : pierrecroce
La musique que j'√©coute : https://matchplay.lnk.to/pcroce",Pierre Croce,23,1367033,77050,1027,0,1405,BE,8/6/2018
18,OQfLvlZGYFM,David Guetta ft Anne-Marie - Don't Leave Me Alone (Lyric Video),2018-07-26T16:00:21.000Z,UC1l7wYrva1qCH-wgqcHaaRg,"BUY/LISTEN: https://guetta.co/dontleavemealone
üîî Subscribe to be notified for new videos ‚û°Ô∏è http://bit.ly/GuettaYouTube üîî 
‚ö†Ô∏è Vote David Guetta # 1 on DJ Mag TOP 100 DJ : http://bit.ly/GuettaMag2018

Director: Michael Robertson
Production: Toon53 Productions
(P) & (C) 2018 What A Music Ltd, Under Exclusive Licence to Parlophone/Warner Music France, a Warner Music Group Company

David Guetta feat Anne-Marie - Don‚Äôt Leave Me Alone
(David Guetta, Noonie Bao, Linus Wiklund, Sarah Aarons)
Produced by David Guetta & Lotus IV
Additional production by Timofey Reznikov & Albert Harvey (GLOWINTHEDARK)
Mixed & mastered by Serban Ghenea at MixStar Studios, Virginia Beach, VA
Engineered by John Hanes
All Instruments and Programming by Lotus IV, David Guetta, Timofey Reznikov & Albert Harvey
Backing vocals by Noonie Bao & Sarah Aarons
Publishers: JackBack Publishing Ltd, admin by Write Here Music (SACEM) and Shapiro Bernstein (ASCAP); EMI Blackwood Music Inc. (BMI) o/b/o EMI Music Publishing Scandinavia AB (STIM); Lurpi Songs AB, admin by Songs of Kobalt Music Publishing (AMRA); Sony/ATV Music Publishing Allegro (AUS) P/L
Anne-Marie appears courtesy of Major Toms/Asylum Records UK, a division of Warner Music UK Limited
(P) & (C) 2018 What A Music Ltd, Under Exclusive Licence to Parlophone/Warner Music France, a Warner Music Group Company

Follow David Guetta:
http://www.davidguetta.com
http://facebook.com/DavidGuetta
http://www.twitter.com/DavidGuetta
http://www.instagram.com/davidguetta",David Guetta,10,9984757,239905,6126,0,5216,BE,8/6/2018
19,R0yx-By7oxU,K3 - Luka Luna,2018-08-03T16:00:03.000Z,UC-Vvaw-FjigwT2N4kvBxULA,"‚ñ∂ Abonneer je op het K3 kanaal http://bit.ly/2dYDlVf

üôå De nieuwste K3 clips! https://www.youtube.com/playlist?list=PLw_5zTBMF4hwP7HCKd3WTQMR8PGwseDxM

üé• Afleveringen en clipjes uit De avonturen van K3! https://www.youtube.com/playlist?list=PLw_5zTBMF4hx28AYucO88Ltm9Omx0hAll

üé• Hallo K3 afleveringen! https://www.youtube.com/playlist?list=PLw_5zTBMF4hxMfBGi5PF-RIT5KA7cmZd7

Volg K3 ook op:
‚óã Website: http://studio100.com/k3
‚óã Facebook: https://www.facebook.com/K3fan
‚óã Instagram: https://www.instagram.com/k3.studio100",K3,10,297458,3584,402,0,506,BE,8/6/2018
20,J6zSw3VqKK4,JE LEUR DONNE UN EURO PAR JONGLE !,2018-08-01T16:00:02.000Z,UCLI5qZqBkuMkZ54EK6Zi6AA,"Ach√®tes ta Speen Ball: https://speenstyle.com

Mon Instagram : http://bit.ly/2i3oWbj
Facebook : http://bit.ly/1mJwJ5I 
Snapchat: WASSFREESTYLE
Twitter : http://bit.ly/1po0Z9B

Contact Pro : wassfreestyle@hotmail.fr",Wass Freestyle,17,932415,38885,1039,0,2523,BE,8/6/2018
21,9CoQpXtaZZ0,Mister You Ft. Cheb Hasni - Gambetta (Clip Officiel),2018-07-27T12:00:30.000Z,UCzfVSxwH-6SWNiWAxjuh3Ng,"Mister you - Gambetta (Clip Officiel)
Disponible sur toutes les plateformes : https://lnk.to/mister-you-gambetta

Abonne-toi √† ma chaine : http://bit.ly/2dZ8brT 

--
Tous les clips de MISTER YOU: http://bit.ly/2eOsVnG
Tous les Featurings de Mister You: http://bit.ly/2eI7OUp
--

Suivez MISTER YOU sur:
Instagram : https://www.instagram.com/mryouofficial/
Facebook : https://www.facebook.com/misteryou75019/
Twitter : https://twitter.com/mryouofficiel
Spotify : https://open.spotify.com/artist/74YbW...
Deezer : http://www.deezer.com/artist/256681
Napster : http://fr.napster.com/artist/mister-u",Mister You Officiel,10,4396471,79863,4002,0,5426,BE,8/6/2018
22,vEGi42FhPIg,WHATSAPP GESPREKKEN met LINK!,2018-08-05T15:00:05.000Z,UCNPlSBggCmH8FJiMC2FYYpQ,"‚Üê  Webshop ‚Ü™ http://www.dagelijkshaadee.nl
‚û§  Vorige WhatsApp video: https://www.youtube.com/watch?v=ABpdt1dERug&index=4&list=PLhedRbFZOuDPQNXF-07F_mru3_yeM9ktx

‚û§  Video door: Milan Knol & http://www.youtube.com/xLinkTijger

Volg ons op Twitter: http://www.twitter.com/DagelijksHaaDee
Gebruik je Facebook: http://bit.ly/2ko4PTR
Milan's kanaal: http://www.youtube.nl/DitIsMilan
Persoonlijke Twitter: http://www.twitter.com/MilanKnol
Persoonlijke Instagram: http://www.instagram.com/MilanKnol
Discord Server: http://discord.gg/dagelijkshaadee
Merchandise ‚Ü™ http://www.dagelijkshaadee.nl",DagelijksHaaDee,24,142106,6423,84,0,287,BE,8/6/2018
23,Q7nt1f2Szn4,The Chainsmokers - Side Effects (Lyric Video) ft. Emily Warren,2018-07-27T04:01:01.000Z,UCRzzwLpLiUNIs6YOPe33eMg,"The Chainsmokers ft. Emily Warren ""Side Effects"" out now: http://smarturl.it/TCSSideEffects

Amazon Music: http://smarturl.it/TCSSideEffects/az
Apple Music: http://smarturl.it/TCSSideEffects/applemusic
iTunes: http://smarturl.it/TCSSideEffects/itunes
Spotify: http://smarturl.it/TCSSideEffects/spotify
YouTube Music: http://smarturl.it/TCSSideEffects/youtubemusic

Follow The Chainsmokers:
http://www.youtube.com/thechainsmokers 
http://www.twitter.com/thechainsmokers 
http://www.facebook.com/thechainsmokers 
http://www.instagram.com/thechainsmokers 
http://www.soundcloud.com/thechainsmokers

Director: Blake Thomas
Producer: Hannah Stouffler

Lyrics:

VERSE:
It's 4AM I don't know where to go
Everywhere is closed
I should just go home
 
My feet are taking me are taking me to your front door 
I know I shouldn't though
Heaven only knows 
 
PRE:
That Ooh the side effect 
To my loneliness is you 
 
CHORUS:
Ooh, you're all that I want 
No good at giving you up
Cmon and gimme some love tonight
 
Ooh, you're all that I want 
No good at giving you up
Cmon and gimme some love tonight
 
VERSE:
This happens every time I try to mix
Decision making with 
One too many drinks 
 
PRE:
But ooh, if late night friends 
Have consequences, cool 
 
CHORUS:
Ooh, you're all that I want 
No good at giving you up
Cmon and gimme some love tonight
 
Ooh I think about it all the time 
Make it happen in my mind 
I'm telling you, yeah
 
Ooh, you're all that I want 
No good at giving you up
Cmon and gimme some love tonight
 
BRIDGE:
Time should've taught me the lesson
Went lookin for a sign but instead I got a message 
I take off my pride every time we undressing 
I draw the line
I'm out of line, yeah",ChainsmokersVEVO,10,5482751,114322,6808,0,5530,BE,8/6/2018
24,twRCfhGskrs,J'OFFRE √Ä MA COPINE LA VOITURE DE SES R√äVES !,2018-08-05T08:00:03.000Z,UCeqsLJGWhZXEerY5JWvwLkg,"T√©l√©chargez le jeu : https://qwikmatch.app.link/fJMCAPqqQO

Un IMMENSE merci √† Qwikmatch pour avoir sponsoris√© cette vid√©o ! Allez t√©l√©charger l‚Äôapplication elle est super cool en vrai !

üê¶ TWITTER : LMLEvideo
üåÖ INSTAGRAM : valentin_jean & jenny_letellier
üëª SNAPCHAT : valentin_jean & groscroutard
üé¨ FACEBOOK : Le Monde √† L'Envers

Les placements de produits servent √† produire nos vid√©os. Sans ces placements, vous ne pourriez pas avoir de vid√©o comme ""Nexte"", ""Recherche Maison ou Appartement"" ou encore ""1 Mariage Pour 1 Lune de Miel"". Encore merci √† QwikMatch de nous faire confiance. Et merci √† vous de comprendre cela. Allez t√©l√©charger cette appli les potes, en vrai, on y joue tous les jours !

On est 1 585 750. Merci les potes.",Le Monde √† L'Envers,23,1247723,95028,4116,0,5005,BE,8/6/2018
